comparison,location,outcome,est,lower,upper,abbreviation,location_name,population
A_B_diff,US,Cumulative Cases,-402257.391369703,-762842.185157746,-41672.5975816606,US,US,328728466
A_B_diff,US,Cumulative Deaths,-8272.40219098019,-18684.1289512772,2139.3245693168,US,US,328728466
A_B_diff,US,Cumulative Hospitalizations,-45119.9504502013,-92411.2561050604,2171.35520465783,US,US,328728466
C_D_diff,US,Cumulative Cases,-845249.626580472,-1235060.89475572,-455438.358405225,US,US,328728466
C_D_diff,US,Cumulative Deaths,-14770.6373999823,-31690.9051211623,2149.6303211976,US,US,328728466
C_D_diff,US,Cumulative Hospitalizations,-91602.0937306437,-165001.693974115,-18202.4934871725,US,US,328728466
A_B_ratio,US,Cumulative Cases,0.927647944084256,0.875409419540624,0.979886468627889,US,US,328728466
A_B_ratio,US,Cumulative Deaths,0.881823130097824,0.745614790955186,1.01803146924046,US,US,328728466
A_B_ratio,US,Cumulative Hospitalizations,0.905169354360112,0.80618568504484,1.00415302367538,US,US,328728466
C_D_ratio,US,Cumulative Cases,0.896531117831263,0.84553623834087,0.947525997321656,US,US,328728466
C_D_ratio,US,Cumulative Deaths,0.861132208762619,0.722011396053336,1.0002530214719,US,US,328728466
C_D_ratio,US,Cumulative Hospitalizations,0.872846761504694,0.78049387796939,0.965199645039998,US,US,328728466
A_B_diff,01,Cumulative Cases,-1981.07577019559,-5821.78901496245,1859.63747457126,AL,Alabama,4903185
A_B_diff,01,Cumulative Deaths,-147.593209796268,-408.363291632937,113.176872040401,AL,Alabama,4903185
A_B_diff,01,Cumulative Hospitalizations,-868.813559303042,-2258.67294610941,521.045827503323,AL,Alabama,4903185
C_D_diff,01,Cumulative Cases,-3334.48596686097,-7702.70712548358,1033.73519176165,AL,Alabama,4903185
C_D_diff,01,Cumulative Deaths,-227.933587700512,-638.588415941425,182.7212405404,AL,Alabama,4903185
C_D_diff,01,Cumulative Hospitalizations,-1304.22768827138,-3490.44571404078,881.990337498022,AL,Alabama,4903185
A_B_ratio,01,Cumulative Cases,0.989310670335983,0.903617343694986,1.07500399697698,AL,Alabama,4903185
A_B_ratio,01,Cumulative Deaths,0.912277176516537,0.758370378519808,1.06618397451327,AL,Alabama,4903185
A_B_ratio,01,Cumulative Hospitalizations,0.930755369087652,0.783679935904145,1.07783080227116,AL,Alabama,4903185
C_D_ratio,01,Cumulative Cases,0.950495245347216,0.921508710533077,0.979481780161355,AL,Alabama,4903185
C_D_ratio,01,Cumulative Deaths,0.906880728370522,0.753824351038349,1.0599371057027,AL,Alabama,4903185
C_D_ratio,01,Cumulative Hospitalizations,0.906287857255481,0.778680404675813,1.03389530983515,AL,Alabama,4903185
A_B_diff,02,Cumulative Cases,-732.643489881803,-1739.21186611144,273.924886347831,AK,Alaska,731545
A_B_diff,02,Cumulative Deaths,-28.4639821311288,-82.507838500302,25.5798742380443,AK,Alaska,731545
A_B_diff,02,Cumulative Hospitalizations,-149.673336150637,-419.588972303747,120.242300002472,AK,Alaska,731545
C_D_diff,02,Cumulative Cases,-1544.93105577177,-2723.87641054073,-365.985701002811,AK,Alaska,731545
C_D_diff,02,Cumulative Deaths,-49.107328799429,-135.171138994692,36.9564813958339,AK,Alaska,731545
C_D_diff,02,Cumulative Hospitalizations,-291.095763432846,-721.056259513233,138.864732647541,AK,Alaska,731545
A_B_ratio,02,Cumulative Cases,0.950696814666465,0.902927829045778,0.998465800287152,AK,Alaska,731545
A_B_ratio,02,Cumulative Deaths,0.889923237192293,0.711748692075624,1.06809778230896,AK,Alaska,731545
A_B_ratio,02,Cumulative Hospitalizations,0.920164965469181,0.784268739476593,1.05606119146177,AK,Alaska,731545
C_D_ratio,02,Cumulative Cases,0.923794758958968,0.867641143080376,0.979948374837559,AK,Alaska,731545
C_D_ratio,02,Cumulative Deaths,0.903213966262158,0.725926678121942,1.08050125440237,AK,Alaska,731545
C_D_ratio,02,Cumulative Hospitalizations,0.884101140245115,0.768365543565757,0.999836736924473,AK,Alaska,731545
A_B_diff,04,Cumulative Cases,-1656.70103837132,-4162.4954666088,849.093389866158,AZ,Arizona,7278717
A_B_diff,04,Cumulative Deaths,-96.0049759747973,-271.495198026788,79.4852460771931,AZ,Arizona,7278717
A_B_diff,04,Cumulative Hospitalizations,-580.452443436356,-1443.27219581154,282.367308938831,AZ,Arizona,7278717
C_D_diff,04,Cumulative Cases,-13286.4569858088,-22726.2194080494,-3846.69456356816,AZ,Arizona,7278717
C_D_diff,04,Cumulative Deaths,-276.602065044384,-545.450352428926,-7.75377765984092,AZ,Arizona,7278717
C_D_diff,04,Cumulative Hospitalizations,-1626.53695485556,-3156.73923819731,-96.3346715138064,AZ,Arizona,7278717
A_B_ratio,04,Cumulative Cases,0.988681863402522,0.915511411293014,1.06185231551203,AZ,Arizona,7278717
A_B_ratio,04,Cumulative Deaths,0.917393733391218,0.76779515089664,1.0669923158858,AZ,Arizona,7278717
A_B_ratio,04,Cumulative Hospitalizations,0.94054489086299,0.808421130892507,1.07266865083347,AZ,Arizona,7278717
C_D_ratio,04,Cumulative Cases,0.825359362715576,0.723027285669776,0.927691439761375,AZ,Arizona,7278717
C_D_ratio,04,Cumulative Deaths,0.829046235202379,0.688528727860031,0.969563742544727,AZ,Arizona,7278717
C_D_ratio,04,Cumulative Hospitalizations,0.843556208301124,0.739879201158107,0.94723321544414,AZ,Arizona,7278717
A_B_diff,05,Cumulative Cases,-1196.51810226987,-2715.25667796376,322.220473424032,AR,Arkansas,3017804
A_B_diff,05,Cumulative Deaths,-78.7305961397884,-188.227377502793,30.7661852232164,AR,Arkansas,3017804
A_B_diff,05,Cumulative Hospitalizations,-372.752962864023,-888.17002623094,142.664100502893,AR,Arkansas,3017804
C_D_diff,05,Cumulative Cases,-3506.89174796037,-6302.2679093711,-711.515586549648,AR,Arkansas,3017804
C_D_diff,05,Cumulative Deaths,-117.077394800625,-292.151628484134,57.9968388828838,AR,Arkansas,3017804
C_D_diff,05,Cumulative Hospitalizations,-658.98135465644,-1512.03936101124,194.076651698362,AR,Arkansas,3017804
A_B_ratio,05,Cumulative Cases,0.912858085925116,0.872384018190473,0.953332153659758,AR,Arkansas,3017804
A_B_ratio,05,Cumulative Deaths,0.879628603571453,0.733537448607169,1.02571975853574,AR,Arkansas,3017804
A_B_ratio,05,Cumulative Hospitalizations,0.886445401085883,0.760681816408955,1.01220898576281,AR,Arkansas,3017804
C_D_ratio,05,Cumulative Cases,0.890307752922743,0.834606824710135,0.946008681135351,AR,Arkansas,3017804
C_D_ratio,05,Cumulative Deaths,0.871580754787979,0.724218005810977,1.01894350376498,AR,Arkansas,3017804
C_D_ratio,05,Cumulative Hospitalizations,0.851721402129014,0.737279047004616,0.966163757253413,AR,Arkansas,3017804
A_B_diff,06,Cumulative Cases,-15245.0125090718,-28133.5822561145,-2356.44276202918,CA,California,39512223
A_B_diff,06,Cumulative Deaths,-465.063532877022,-1072.55543561874,142.428369864695,CA,California,39512223
A_B_diff,06,Cumulative Hospitalizations,-2659.24634065918,-5777.49035684475,458.997675526386,CA,California,39512223
C_D_diff,06,Cumulative Cases,-85030.8779232167,-158372.756673016,-11688.9991734176,CA,California,39512223
C_D_diff,06,Cumulative Deaths,-1050.52061819729,-2008.83643310081,-92.2048032937589,CA,California,39512223
C_D_diff,06,Cumulative Hospitalizations,-9080.10222359565,-15986.8245567387,-2173.37989045264,CA,California,39512223
A_B_ratio,06,Cumulative Cases,0.938367943747045,0.87547831027944,1.00125757721465,CA,California,39512223
A_B_ratio,06,Cumulative Deaths,0.872673412040062,0.715686970715684,1.02965985336444,CA,California,39512223
A_B_ratio,06,Cumulative Hospitalizations,0.908720050359443,0.790074733836091,1.0273653668828,CA,California,39512223
C_D_ratio,06,Cumulative Cases,0.883242556064565,0.794246808046479,0.972238304082651,CA,California,39512223
C_D_ratio,06,Cumulative Deaths,0.827327690730963,0.665637411450994,0.989017970010932,CA,California,39512223
C_D_ratio,06,Cumulative Hospitalizations,0.836633334074119,0.728914434006548,0.944352234141689,CA,California,39512223
A_B_diff,08,Cumulative Cases,-6669.44247115114,-14525.5904519448,1186.70550964251,CO,Colorado,5758736
A_B_diff,08,Cumulative Deaths,-101.317099628619,-244.201131341871,41.5669320846332,CO,Colorado,5758736
A_B_diff,08,Cumulative Hospitalizations,-898.317639150835,-1872.59917157818,75.9638932765097,CO,Colorado,5758736
C_D_diff,08,Cumulative Cases,-22691.4452326366,-36518.8253533161,-8864.06511195704,CO,Colorado,5758736
C_D_diff,08,Cumulative Deaths,-293.015750627052,-509.346125112258,-76.6853761418459,CO,Colorado,5758736
C_D_diff,08,Cumulative Hospitalizations,-2377.88464861506,-3823.48537287841,-932.283924351705,CO,Colorado,5758736
A_B_ratio,08,Cumulative Cases,0.935994137387389,0.898578606955362,0.973409667819416,CO,Colorado,5758736
A_B_ratio,08,Cumulative Deaths,0.908848447168809,0.762162328229223,1.05553456610839,CO,Colorado,5758736
A_B_ratio,08,Cumulative Hospitalizations,0.913796168031583,0.802550134597062,1.0250422014661,CO,Colorado,5758736
C_D_ratio,08,Cumulative Cases,0.80076697816747,0.624770154473346,0.976763801861594,CO,Colorado,5758736
C_D_ratio,08,Cumulative Deaths,0.800381790822741,0.63437274353544,0.966390838110042,CO,Colorado,5758736
C_D_ratio,08,Cumulative Hospitalizations,0.857032486876468,0.76187677088338,0.952188202869555,CO,Colorado,5758736
A_B_diff,09,Cumulative Cases,-5413.03004900877,-8573.68959629393,-2252.37050172361,CT,Connecticut,3565287
A_B_diff,09,Cumulative Deaths,-61.442760922535,-102.834631272389,-20.0508905726811,CT,Connecticut,3565287
A_B_diff,09,Cumulative Hospitalizations,-693.180852297543,-757.889863893811,-628.471840701275,CT,Connecticut,3565287
C_D_diff,09,Cumulative Cases,-17594.4671105866,-28885.7504116746,-6303.18380949857,CT,Connecticut,3565287
C_D_diff,09,Cumulative Deaths,-168.742610798039,-260.983944070875,-76.5012775252034,CT,Connecticut,3565287
C_D_diff,09,Cumulative Hospitalizations,-1495.67817893908,-2400.27931436219,-591.077043515966,CT,Connecticut,3565287
A_B_ratio,09,Cumulative Cases,0.888160898917141,0.859769779689612,0.91655201814467,CT,Connecticut,3565287
A_B_ratio,09,Cumulative Deaths,0.86487585727659,0.726148962538687,1.00360275201449,CT,Connecticut,3565287
A_B_ratio,09,Cumulative Hospitalizations,0.858269474354718,0.766352590163685,0.95018635854575,CT,Connecticut,3565287
C_D_ratio,09,Cumulative Cases,0.774389200153591,0.622210574776605,0.926567825530577,CT,Connecticut,3565287
C_D_ratio,09,Cumulative Deaths,0.781225029819226,0.643192421204116,0.919257638434335,CT,Connecticut,3565287
C_D_ratio,09,Cumulative Hospitalizations,0.815813649165539,0.710770627807,0.920856670524079,CT,Connecticut,3565287
A_B_diff,10,Cumulative Cases,-647.881581758489,-1397.09990726564,101.336743748665,DE,Delaware,973764
A_B_diff,10,Cumulative Deaths,-18.7278070919939,-46.3969937154184,8.94137953143067,DE,Delaware,973764
A_B_diff,10,Cumulative Hospitalizations,-114.689264411356,-246.336037422745,16.9575086000334,DE,Delaware,973764
C_D_diff,10,Cumulative Cases,-1765.37107991829,-3158.4660115859,-372.276148250684,DE,Delaware,973764
C_D_diff,10,Cumulative Deaths,-36.7862774996673,-79.434082194638,5.86152719530335,DE,Delaware,973764
C_D_diff,10,Cumulative Hospitalizations,-233.439757259078,-460.622780525745,-6.25673399241217,DE,Delaware,973764
A_B_ratio,10,Cumulative Cases,0.949628423194415,0.900368718694345,0.998888127694486,DE,Delaware,973764
A_B_ratio,10,Cumulative Deaths,0.875979585363656,0.716977801651966,1.03498136907535,DE,Delaware,973764
A_B_ratio,10,Cumulative Hospitalizations,0.892839107045185,0.772680560540219,1.01299765355015,DE,Delaware,973764
C_D_ratio,10,Cumulative Cases,0.841552616427329,0.73811873608399,0.944986496770668,DE,Delaware,973764
C_D_ratio,10,Cumulative Deaths,0.831702978169311,0.685880695716715,0.977525260621907,DE,Delaware,973764
C_D_ratio,10,Cumulative Hospitalizations,0.855234127505123,0.74322034038652,0.967247914623726,DE,Delaware,973764
A_B_diff,11,Cumulative Cases,-517.541425646525,-699.277570165972,-335.805281127079,DC,District of Columbia,705749
A_B_diff,11,Cumulative Deaths,-9.58606675298932,-26.3141703951174,7.14203688913872,DC,District of Columbia,705749
A_B_diff,11,Cumulative Hospitalizations,-68.6909802775209,-128.586875543389,-8.79508501165293,DC,District of Columbia,705749
C_D_diff,11,Cumulative Cases,-884.385904085718,-1968.02181926678,199.250011095343,DC,District of Columbia,705749
C_D_diff,11,Cumulative Deaths,-17.6367644400431,-43.0470780071568,7.77354912707062,DC,District of Columbia,705749
C_D_diff,11,Cumulative Hospitalizations,-130.953547462155,-271.689322482232,9.78222755792254,DC,District of Columbia,705749
A_B_ratio,11,Cumulative Cases,0.922108792526756,0.900234982093821,0.943982602959691,DC,District of Columbia,705749
A_B_ratio,11,Cumulative Deaths,0.867821070363334,0.671807653261462,1.06383448746521,DC,District of Columbia,705749
A_B_ratio,11,Cumulative Hospitalizations,0.90792862687929,0.806144653515692,1.00971260024289,DC,District of Columbia,705749
C_D_ratio,11,Cumulative Cases,0.935151372155705,0.869515293724187,1.00078745058722,DC,District of Columbia,705749
C_D_ratio,11,Cumulative Deaths,0.857546689391592,0.673801792133101,1.04129158665008,DC,District of Columbia,705749
C_D_ratio,11,Cumulative Hospitalizations,0.897451911027731,0.787469682430916,1.00743413962455,DC,District of Columbia,705749
A_B_diff,12,Cumulative Cases,-6100.66049008132,-17969.6280371483,5768.30705698563,FL,Florida,21477737
A_B_diff,12,Cumulative Deaths,-615.921664470786,-1698.37348276591,466.530153824342,FL,Florida,21477737
A_B_diff,12,Cumulative Hospitalizations,-3289.87422919465,-8631.96439177142,2052.21593338211,FL,Florida,21477737
C_D_diff,12,Cumulative Cases,-16036.297023114,-35865.2128557093,3792.61880948126,FL,Florida,21477737
C_D_diff,12,Cumulative Deaths,-1063.90149291125,-2844.68908378797,716.886097965477,FL,Florida,21477737
C_D_diff,12,Cumulative Hospitalizations,-5743.99162852013,-14786.1759154451,3298.19265840483,FL,Florida,21477737
A_B_ratio,12,Cumulative Cases,0.985994698289075,0.909931235439639,1.06205816113851,FL,Florida,21477737
A_B_ratio,12,Cumulative Deaths,0.903173728214566,0.751449330303244,1.05489812612589,FL,Florida,21477737
A_B_ratio,12,Cumulative Hospitalizations,0.936579532635397,0.792817093749434,1.08034197152136,FL,Florida,21477737
C_D_ratio,12,Cumulative Cases,0.96366077340438,0.883497777182252,1.04382376962651,FL,Florida,21477737
C_D_ratio,12,Cumulative Deaths,0.903932153671357,0.752962528356384,1.05490177898633,FL,Florida,21477737
C_D_ratio,12,Cumulative Hospitalizations,0.914648077908949,0.773854919131035,1.05544123668686,FL,Florida,21477737
A_B_diff,13,Cumulative Cases,-4075.77964380733,-11126.5196671719,2974.9603795572,GA,Georgia,10617423
A_B_diff,13,Cumulative Deaths,-343.92727234176,-896.181106538865,208.326561855345,GA,Georgia,10617423
A_B_diff,13,Cumulative Hospitalizations,-1851.00337663542,-4721.80308622375,1019.79633295291,GA,Georgia,10617423
C_D_diff,13,Cumulative Cases,-20625.6468960563,-32967.8706653091,-8283.42312680355,GA,Georgia,10617423
C_D_diff,13,Cumulative Deaths,-642.790459996491,-1494.08250469033,208.501584697343,GA,Georgia,10617423
C_D_diff,13,Cumulative Hospitalizations,-3802.65217785947,-8355.85050603276,750.546150313815,GA,Georgia,10617423
A_B_ratio,13,Cumulative Cases,0.985558626642598,0.905709832690286,1.06540742059491,GA,Georgia,10617423
A_B_ratio,13,Cumulative Deaths,0.899010085483325,0.739393896617189,1.05862627434946,GA,Georgia,10617423
A_B_ratio,13,Cumulative Hospitalizations,0.945671596867073,0.799296298693865,1.09204689504028,GA,Georgia,10617423
C_D_ratio,13,Cumulative Cases,0.807942011921971,0.6140397405744,1.00184428326954,GA,Georgia,10617423
C_D_ratio,13,Cumulative Deaths,0.806386487197329,0.614847347601831,0.997925626792827,GA,Georgia,10617423
C_D_ratio,13,Cumulative Hospitalizations,0.860474272421035,0.755088406570802,0.965860138271268,GA,Georgia,10617423
A_B_diff,15,Cumulative Cases,-1690.50172731012,-3092.23319699934,-288.770257620901,HI,Hawaii,1415872
A_B_diff,15,Cumulative Deaths,-34.8589879745235,-77.3004973260087,7.5825213769618,HI,Hawaii,1415872
A_B_diff,15,Cumulative Hospitalizations,-201.795027800357,-400.811279856573,-2.77877574414089,HI,Hawaii,1415872
C_D_diff,15,Cumulative Cases,-5001.2089447519,-8878.72441729573,-1123.69347220806,HI,Hawaii,1415872
C_D_diff,15,Cumulative Deaths,-73.738847889974,-150.0069019972,2.52920621725153,HI,Hawaii,1415872
C_D_diff,15,Cumulative Hospitalizations,-519.240416341507,-930.989671338278,-107.491161344736,HI,Hawaii,1415872
A_B_ratio,15,Cumulative Cases,0.872388919567973,0.792467498611734,0.952310340524212,HI,Hawaii,1415872
A_B_ratio,15,Cumulative Deaths,0.834410128269981,0.675700736258476,0.993119520281485,HI,Hawaii,1415872
A_B_ratio,15,Cumulative Hospitalizations,0.851949680271699,0.743122407337968,0.960776953205429,HI,Hawaii,1415872
C_D_ratio,15,Cumulative Cases,0.784250556482049,0.669609520713816,0.898891592250282,HI,Hawaii,1415872
C_D_ratio,15,Cumulative Deaths,0.776157476198756,0.625275390671662,0.927039561725849,HI,Hawaii,1415872
C_D_ratio,15,Cumulative Hospitalizations,0.786352973479968,0.683554007048298,0.889151939911637,HI,Hawaii,1415872
A_B_diff,16,Cumulative Cases,-1651.38671143471,-3578.5177528888,275.744330019379,ID,Idaho,1787065
A_B_diff,16,Cumulative Deaths,-58.036396615785,-147.195918324368,31.1231250927982,ID,Idaho,1787065
A_B_diff,16,Cumulative Hospitalizations,-338.356509444189,-781.118524250483,104.405505362105,ID,Idaho,1787065
C_D_diff,16,Cumulative Cases,-3072.13060476469,-5954.17389364466,-190.087315884722,ID,Idaho,1787065
C_D_diff,16,Cumulative Deaths,-99.5250170942764,-239.454250656079,40.4042164675266,ID,Idaho,1787065
C_D_diff,16,Cumulative Hospitalizations,-565.979370648351,-1278.32537723508,146.366635938373,ID,Idaho,1787065
A_B_ratio,16,Cumulative Cases,0.935396347875145,0.923740710815058,0.947051984935232,ID,Idaho,1787065
A_B_ratio,16,Cumulative Deaths,0.907039955286484,0.767504049660079,1.04657586091289,ID,Idaho,1787065
A_B_ratio,16,Cumulative Hospitalizations,0.923250687237845,0.816390607186923,1.03011076728877,ID,Idaho,1787065
C_D_ratio,16,Cumulative Cases,0.942283022500104,0.911346885658899,0.973219159341309,ID,Idaho,1787065
C_D_ratio,16,Cumulative Deaths,0.896762841727146,0.754395701159323,1.03912998229497,ID,Idaho,1787065
C_D_ratio,16,Cumulative Hospitalizations,0.913652412267017,0.807807036963984,1.01949778757005,ID,Idaho,1787065
A_B_diff,17,Cumulative Cases,-7095.25496767289,-13887.7363250475,-302.773610298265,IL,Illinois,12671821
A_B_diff,17,Cumulative Deaths,-213.327628690089,-513.247547942845,86.5922905626665,IL,Illinois,12671821
A_B_diff,17,Cumulative Hospitalizations,-1229.93039020388,-2704.89114831452,245.030367906764,IL,Illinois,12671821
C_D_diff,17,Cumulative Cases,-30298.8150740601,-43874.2890719348,-16723.3410761855,IL,Illinois,12671821
C_D_diff,17,Cumulative Deaths,-508.800943706785,-960.592354380588,-57.0095330329815,IL,Illinois,12671821
C_D_diff,17,Cumulative Hospitalizations,-3039.30675826823,-5418.3172078323,-660.296308704162,IL,Illinois,12671821
A_B_ratio,17,Cumulative Cases,0.942416660623313,0.893892099538054,0.990941221708572,IL,Illinois,12671821
A_B_ratio,17,Cumulative Deaths,0.890210016512218,0.74995239089787,1.03046764212657,IL,Illinois,12671821
A_B_ratio,17,Cumulative Hospitalizations,0.899619530197273,0.790357977604349,1.0088810827902,IL,Illinois,12671821
C_D_ratio,17,Cumulative Cases,0.813873852506099,0.65743816127827,0.970309543733929,IL,Illinois,12671821
C_D_ratio,17,Cumulative Deaths,0.816923638349957,0.675356576293512,0.958490700406401,IL,Illinois,12671821
C_D_ratio,17,Cumulative Hospitalizations,0.858147641357099,0.756450450378857,0.959844832335341,IL,Illinois,12671821
A_B_diff,18,Cumulative Cases,-4421.74703727599,-9644.90669203698,801.412617484989,IN,Indiana,6732219
A_B_diff,18,Cumulative Deaths,-199.456442777899,-494.203630350943,95.290744795144,IN,Indiana,6732219
A_B_diff,18,Cumulative Hospitalizations,-1084.15989618827,-2520.33371980615,352.013927429608,IN,Indiana,6732219
C_D_diff,18,Cumulative Cases,-12817.1726123206,-19828.3843690826,-5805.96085555854,IN,Indiana,6732219
C_D_diff,18,Cumulative Deaths,-398.624141766683,-870.894419937325,73.6461364039584,IN,Indiana,6732219
C_D_diff,18,Cumulative Hospitalizations,-2266.53251217364,-4708.36908567012,175.30406132284,IN,Indiana,6732219
A_B_ratio,18,Cumulative Cases,0.941107961518119,0.913748883913506,0.968467039122733,IN,Indiana,6732219
A_B_ratio,18,Cumulative Deaths,0.912136236102908,0.770077352866789,1.05419511933903,IN,Indiana,6732219
A_B_ratio,18,Cumulative Hospitalizations,0.912265304230155,0.79538732808843,1.02914328037188,IN,Indiana,6732219
C_D_ratio,18,Cumulative Cases,0.899967362314275,0.873466042141872,0.926468682486678,IN,Indiana,6732219
C_D_ratio,18,Cumulative Deaths,0.867344965756459,0.72848529472678,1.00620463678614,IN,Indiana,6732219
C_D_ratio,18,Cumulative Hospitalizations,0.880280837539946,0.772866472505833,0.987695202574059,IN,Indiana,6732219
A_B_diff,19,Cumulative Cases,-2345.45564910047,-5190.17430698627,499.263008785334,IA,Iowa,3155070
A_B_diff,19,Cumulative Deaths,-65.7331427787847,-160.522732005754,29.0564464481849,IA,Iowa,3155070
A_B_diff,19,Cumulative Hospitalizations,-451.347801939346,-960.514276257266,57.818672378573,IA,Iowa,3155070
C_D_diff,19,Cumulative Cases,-10285.0879596534,-17267.9749956907,-3302.20092361619,IA,Iowa,3155070
C_D_diff,19,Cumulative Deaths,-130.485374826421,-282.694476599419,21.7237269465762,IA,Iowa,3155070
C_D_diff,19,Cumulative Hospitalizations,-1035.21593082501,-1850.62394966435,-219.807911985662,IA,Iowa,3155070
A_B_ratio,19,Cumulative Cases,0.958519861566268,0.922512988837235,0.994526734295301,IA,Iowa,3155070
A_B_ratio,19,Cumulative Deaths,0.907946519508786,0.76870744003613,1.04718559898144,IA,Iowa,3155070
A_B_ratio,19,Cumulative Hospitalizations,0.923434516692672,0.812533979526843,1.0343350538585,IA,Iowa,3155070
C_D_ratio,19,Cumulative Cases,0.8992341412947,0.867649841619784,0.930818440969617,IA,Iowa,3155070
C_D_ratio,19,Cumulative Deaths,0.876021131176491,0.737470769169013,1.01457149318397,IA,Iowa,3155070
C_D_ratio,19,Cumulative Hospitalizations,0.874446266611568,0.77444520347981,0.974447329743326,IA,Iowa,3155070
A_B_diff,20,Cumulative Cases,-3364.01288773712,-6567.96822913019,-160.057546344045,KS,Kansas,2913314
A_B_diff,20,Cumulative Deaths,-84.0329490595638,-195.800933643394,27.7350355242666,KS,Kansas,2913314
A_B_diff,20,Cumulative Hospitalizations,-540.815245431749,-1120.84010069467,39.2096098311695,KS,Kansas,2913314
C_D_diff,20,Cumulative Cases,-11149.0229684676,-17073.6041706834,-5224.44176625176,KS,Kansas,2913314
C_D_diff,20,Cumulative Deaths,-178.385372674612,-356.340547083576,-0.430198265648187,KS,Kansas,2913314
C_D_diff,20,Cumulative Hospitalizations,-1204.04890460181,-2108.70457029637,-299.393238907251,KS,Kansas,2913314
A_B_ratio,20,Cumulative Cases,0.904915057442591,0.895649716440855,0.914180398444327,KS,Kansas,2913314
A_B_ratio,20,Cumulative Deaths,0.893645103871362,0.749010888550937,1.03827931919179,KS,Kansas,2913314
A_B_ratio,20,Cumulative Hospitalizations,0.890972732444104,0.783487557365323,0.998457907522885,KS,Kansas,2913314
C_D_ratio,20,Cumulative Cases,0.861516364571376,0.804101877984001,0.918930851158751,KS,Kansas,2913314
C_D_ratio,20,Cumulative Deaths,0.841016572882729,0.702231573562609,0.97980157220285,KS,Kansas,2913314
C_D_ratio,20,Cumulative Hospitalizations,0.840825376010767,0.740203369831398,0.941447382190136,KS,Kansas,2913314
A_B_diff,21,Cumulative Cases,-4103.38394805697,-9280.60972416901,1073.84182805508,KY,Kentucky,4467673
A_B_diff,21,Cumulative Deaths,-180.746187185147,-479.970040334009,118.477665963715,KY,Kentucky,4467673
A_B_diff,21,Cumulative Hospitalizations,-1144.17703066624,-2842.09454314261,553.740481810135,KY,Kentucky,4467673
C_D_diff,21,Cumulative Cases,-9918.33480213413,-16139.086618373,-3697.58298589529,KY,Kentucky,4467673
C_D_diff,21,Cumulative Deaths,-319.343936840614,-794.317013782631,155.629140101403,KY,Kentucky,4467673
C_D_diff,21,Cumulative Hospitalizations,-2138.75379518119,-4890.25457810195,612.746987739582,KY,Kentucky,4467673
A_B_ratio,21,Cumulative Cases,0.904738944562842,0.88897468934558,0.920503199780103,KY,Kentucky,4467673
A_B_ratio,21,Cumulative Deaths,0.876042413494712,0.727243820995981,1.02484100599344,KY,Kentucky,4467673
A_B_ratio,21,Cumulative Hospitalizations,0.882553380648964,0.761366207205939,1.00374055409199,KY,Kentucky,4467673
C_D_ratio,21,Cumulative Cases,0.862577859100208,0.762832382247181,0.962323335953235,KY,Kentucky,4467673
C_D_ratio,21,Cumulative Deaths,0.848961360310453,0.696628547337752,1.00129417328315,KY,Kentucky,4467673
C_D_ratio,21,Cumulative Hospitalizations,0.880461446898984,0.762921149297463,0.998001744500506,KY,Kentucky,4467673
A_B_diff,22,Cumulative Cases,-2152.211031341,-4844.74848610826,540.326423426252,LA,Louisiana,4648794
A_B_diff,22,Cumulative Deaths,-89.3023421498177,-255.079385737273,76.4747014376371,LA,Louisiana,4648794
A_B_diff,22,Cumulative Hospitalizations,-512.217372158567,-1320.25532573017,295.820581413038,LA,Louisiana,4648794
C_D_diff,22,Cumulative Cases,-6765.08572657619,-10398.7164135509,-3131.45503960148,LA,Louisiana,4648794
C_D_diff,22,Cumulative Deaths,-189.47948138361,-443.828141559625,64.8691787924059,LA,Louisiana,4648794
C_D_diff,22,Cumulative Hospitalizations,-965.911257099685,-2183.50108464739,251.67857044802,LA,Louisiana,4648794
A_B_ratio,22,Cumulative Cases,0.926927337905392,0.913762439170686,0.940092236640097,LA,Louisiana,4648794
A_B_ratio,22,Cumulative Deaths,0.901663768339256,0.747090192867621,1.05623734381089,LA,Louisiana,4648794
A_B_ratio,22,Cumulative Hospitalizations,0.895680928636174,0.776257938627549,1.0151039186448,LA,Louisiana,4648794
C_D_ratio,22,Cumulative Cases,0.881147010321463,0.808772826735477,0.953521193907449,LA,Louisiana,4648794
C_D_ratio,22,Cumulative Deaths,0.846335907060598,0.703639663549265,0.98903215057193,LA,Louisiana,4648794
C_D_ratio,22,Cumulative Hospitalizations,0.846082152665668,0.7376328281765,0.954531477154835,LA,Louisiana,4648794
A_B_diff,23,Cumulative Cases,-2529.86526530289,-4651.23726571364,-408.493264892136,ME,Maine,1344212
A_B_diff,23,Cumulative Deaths,-42.1831083500451,-75.1739185000983,-9.1922981999918,ME,Maine,1344212
A_B_diff,23,Cumulative Hospitalizations,-274.168545199169,-447.448634195261,-100.888456203078,ME,Maine,1344212
C_D_diff,23,Cumulative Cases,-7453.21574506857,-13156.8020428735,-1749.62944726362,ME,Maine,1344212
C_D_diff,23,Cumulative Deaths,-104.042743233105,-169.709421066404,-38.3760653998063,ME,Maine,1344212
C_D_diff,23,Cumulative Hospitalizations,-689.334923407992,-1224.30708942102,-154.362757394964,ME,Maine,1344212
A_B_ratio,23,Cumulative Cases,0.895329915064125,0.863409554586882,0.927250275541369,ME,Maine,1344212
A_B_ratio,23,Cumulative Deaths,0.851690222685311,0.708714876998905,0.994665568371716,ME,Maine,1344212
A_B_ratio,23,Cumulative Hospitalizations,0.866181829978321,0.777443155426091,0.954920504530551,ME,Maine,1344212
C_D_ratio,23,Cumulative Cases,0.788453161124336,0.613169455830094,0.963736866418577,ME,Maine,1344212
C_D_ratio,23,Cumulative Deaths,0.773785333611374,0.609994522176525,0.937576145046224,ME,Maine,1344212
C_D_ratio,23,Cumulative Hospitalizations,0.844607095432125,0.742457534500043,0.946756656364206,ME,Maine,1344212
A_B_diff,24,Cumulative Cases,-1679.00540056028,-3261.47049867779,-96.5403024427756,MD,Maryland,6045680
A_B_diff,24,Cumulative Deaths,-56.9178300800689,-132.548836373898,18.7131762137602,MD,Maryland,6045680
A_B_diff,24,Cumulative Hospitalizations,-347.401458319644,-733.169433309866,38.3665166705777,MD,Maryland,6045680
C_D_diff,24,Cumulative Cases,-8662.72771283705,-13150.0797609392,-4175.37566473494,MD,Maryland,6045680
C_D_diff,24,Cumulative Deaths,-158.549995737956,-292.566450225519,-24.5335412503918,MD,Maryland,6045680
C_D_diff,24,Cumulative Hospitalizations,-1088.44897736431,-1747.63263140113,-429.265323327491,MD,Maryland,6045680
A_B_ratio,24,Cumulative Cases,0.941107662949552,0.912147362515671,0.970067963383433,MD,Maryland,6045680
A_B_ratio,24,Cumulative Deaths,0.891151372236728,0.755729147267721,1.02657359720574,MD,Maryland,6045680
A_B_ratio,24,Cumulative Hospitalizations,0.902465814447446,0.798758870600639,1.00617275829425,MD,Maryland,6045680
C_D_ratio,24,Cumulative Cases,0.778036611326645,0.599522658531897,0.956550564121392,MD,Maryland,6045680
C_D_ratio,24,Cumulative Deaths,0.815469828339316,0.658308984239111,0.972630672439522,MD,Maryland,6045680
C_D_ratio,24,Cumulative Hospitalizations,0.834695367460564,0.718284294971053,0.951106439950074,MD,Maryland,6045680
A_B_diff,25,Cumulative Cases,-14295.485994772,-33244.4697111367,4653.49772159271,MA,Massachusetts,6892503
A_B_diff,25,Cumulative Deaths,-139.278218975295,-274.67289202107,-3.88354592951976,MA,Massachusetts,6892503
A_B_diff,25,Cumulative Hospitalizations,-1105.8237972531,-2272.66329889282,61.0157043866195,MA,Massachusetts,6892503
C_D_diff,25,Cumulative Cases,-41532.6046877301,-70844.6942820422,-12220.515093418,MA,Massachusetts,6892503
C_D_diff,25,Cumulative Deaths,-390.103178338706,-626.613122526153,-153.59323415126,MA,Massachusetts,6892503
C_D_diff,25,Cumulative Hospitalizations,-2658.14193926824,-4466.90331747397,-849.380561062517,MA,Massachusetts,6892503
A_B_ratio,25,Cumulative Cases,0.947137041955798,0.874174865846781,1.02009921806481,MA,Massachusetts,6892503
A_B_ratio,25,Cumulative Deaths,0.875111464073069,0.738917543282257,1.01130538486388,MA,Massachusetts,6892503
A_B_ratio,25,Cumulative Hospitalizations,0.895386482661475,0.785511140646501,1.00526182467645,MA,Massachusetts,6892503
C_D_ratio,25,Cumulative Cases,0.791685392306593,0.624736120880026,0.958634663733161,MA,Massachusetts,6892503
C_D_ratio,25,Cumulative Deaths,0.779622658671092,0.618155326551208,0.941089990790976,MA,Massachusetts,6892503
C_D_ratio,25,Cumulative Hospitalizations,0.847833117751633,0.740060418665464,0.955605816837802,MA,Massachusetts,6892503
A_B_diff,26,Cumulative Cases,-5319.57598229091,-10768.051415043,128.899450461173,MI,Michigan,9986857
A_B_diff,26,Cumulative Deaths,-170.575764842781,-378.996317980237,37.8447882946747,MI,Michigan,9986857
A_B_diff,26,Cumulative Hospitalizations,-930.581807032574,-1938.45330080037,77.2896867352175,MI,Michigan,9986857
C_D_diff,26,Cumulative Cases,-16252.0920983363,-29953.2205554917,-2550.96364118094,MI,Michigan,9986857
C_D_diff,26,Cumulative Deaths,-356.962623635615,-714.937770651726,1.01252338049602,MI,Michigan,9986857
C_D_diff,26,Cumulative Hospitalizations,-2180.64266309549,-3940.33597262185,-420.949353569137,MI,Michigan,9986857
A_B_ratio,26,Cumulative Cases,0.942540318005443,0.932833999354217,0.952246636656669,MI,Michigan,9986857
A_B_ratio,26,Cumulative Deaths,0.918752804554846,0.782805338942462,1.05470027016723,MI,Michigan,9986857
A_B_ratio,26,Cumulative Hospitalizations,0.916634570691287,0.812195263769059,1.02107387761352,MI,Michigan,9986857
C_D_ratio,26,Cumulative Cases,0.930116362422172,0.862935624547501,0.997297100296844,MI,Michigan,9986857
C_D_ratio,26,Cumulative Deaths,0.884055903216454,0.746305667736567,1.02180613869634,MI,Michigan,9986857
C_D_ratio,26,Cumulative Hospitalizations,0.899068407266734,0.787395819265818,1.01074099526765,MI,Michigan,9986857
A_B_diff,27,Cumulative Cases,-8350.94633777595,-17790.0884098975,1088.19573434564,MN,Minnesota,5639632
A_B_diff,27,Cumulative Deaths,-116.875001340744,-244.640438646627,10.8904359651396,MN,Minnesota,5639632
A_B_diff,27,Cumulative Hospitalizations,-678.538250277472,-1351.18320652379,-5.89329403115437,MN,Minnesota,5639632
C_D_diff,27,Cumulative Cases,-21461.687779521,-38286.0803155655,-4637.29524347663,MN,Minnesota,5639632
C_D_diff,27,Cumulative Deaths,-223.889052685979,-427.917393946887,-19.8607114250714,MN,Minnesota,5639632
C_D_diff,27,Cumulative Hospitalizations,-1602.0981047231,-2712.65778651511,-491.53842293108,MN,Minnesota,5639632
A_B_ratio,27,Cumulative Cases,0.948398725932109,0.902096562895818,0.994700888968401,MN,Minnesota,5639632
A_B_ratio,27,Cumulative Deaths,0.872953183024261,0.726953068838543,1.01895329720998,MN,Minnesota,5639632
A_B_ratio,27,Cumulative Hospitalizations,0.911467822050728,0.804714001087728,1.01822164301373,MN,Minnesota,5639632
C_D_ratio,27,Cumulative Cases,0.905554352212929,0.844134724350163,0.966973980075695,MN,Minnesota,5639632
C_D_ratio,27,Cumulative Deaths,0.846530697543128,0.69355382577237,0.999507569313886,MN,Minnesota,5639632
C_D_ratio,27,Cumulative Hospitalizations,0.872659490156967,0.765301285107095,0.980017695206839,MN,Minnesota,5639632
A_B_diff,28,Cumulative Cases,-1069.19797846573,-3149.44834944478,1011.05239251331,MS,Mississippi,2976149
A_B_diff,28,Cumulative Deaths,-96.8498695037621,-247.193331605643,53.4935925981192,MS,Mississippi,2976149
A_B_diff,28,Cumulative Hospitalizations,-435.678516573839,-1138.72611972029,267.369086572606,MS,Mississippi,2976149
C_D_diff,28,Cumulative Cases,-2482.98893380981,-5796.7273947124,830.749527092767,MS,Mississippi,2976149
C_D_diff,28,Cumulative Deaths,-147.000288965577,-386.97871116689,92.9781332357372,MS,Mississippi,2976149
C_D_diff,28,Cumulative Hospitalizations,-718.79070808824,-1878.13956835821,440.558152181735,MS,Mississippi,2976149
A_B_ratio,28,Cumulative Cases,0.946201539342737,0.897027399870406,0.995375678815067,MS,Mississippi,2976149
A_B_ratio,28,Cumulative Deaths,0.88162755516796,0.722440725179692,1.04081438515623,MS,Mississippi,2976149
A_B_ratio,28,Cumulative Hospitalizations,0.904109699781286,0.754891702398789,1.05332769716378,MS,Mississippi,2976149
C_D_ratio,28,Cumulative Cases,0.950273847639513,0.906512431701612,0.994035263577415,MS,Mississippi,2976149
C_D_ratio,28,Cumulative Deaths,0.890533808099264,0.740043589955193,1.04102402624334,MS,Mississippi,2976149
C_D_ratio,28,Cumulative Hospitalizations,0.907865995903273,0.77206486318292,1.04366712862363,MS,Mississippi,2976149
A_B_diff,29,Cumulative Cases,-3145.18664713423,-4656.23893004786,-1634.1343642206,MO,Missouri,6626371
A_B_diff,29,Cumulative Deaths,-120.011216100213,-292.165810501227,52.1433783008008,MO,Missouri,6626371
A_B_diff,29,Cumulative Hospitalizations,-570.20150396998,-1342.141383073,201.738375133044,MO,Missouri,6626371
C_D_diff,29,Cumulative Cases,-15378.2153906662,-27896.4100450251,-2860.0207363074,MO,Missouri,6626371
C_D_diff,29,Cumulative Deaths,-259.774357434866,-526.494442080317,6.94572721058535,MO,Missouri,6626371
C_D_diff,29,Cumulative Hospitalizations,-1772.82069456514,-3249.72527848851,-295.916110641767,MO,Missouri,6626371
A_B_ratio,29,Cumulative Cases,0.948205686844715,0.939015642738616,0.957395730950814,MO,Missouri,6626371
A_B_ratio,29,Cumulative Deaths,0.887481333316555,0.735830957438207,1.0391317091949,MO,Missouri,6626371
A_B_ratio,29,Cumulative Hospitalizations,0.912519775515723,0.804536346774904,1.02050320425654,MO,Missouri,6626371
C_D_ratio,29,Cumulative Cases,0.899349337945093,0.854335034085412,0.944363641804773,MO,Missouri,6626371
C_D_ratio,29,Cumulative Deaths,0.855247994164123,0.70454530019594,1.00595068813231,MO,Missouri,6626371
C_D_ratio,29,Cumulative Hospitalizations,0.864420472526026,0.766403615302811,0.962437329749241,MO,Missouri,6626371
A_B_diff,30,Cumulative Cases,-1375.32078031567,-2768.06502117043,17.4234605390989,MT,Montana,1068778
A_B_diff,30,Cumulative Deaths,-36.9855613584556,-83.2183568669244,9.24723415001321,MT,Montana,1068778
A_B_diff,30,Cumulative Hospitalizations,-280.104369688912,-552.12039808552,-8.08834129230377,MT,Montana,1068778
C_D_diff,30,Cumulative Cases,-2469.4979240853,-4106.32754039072,-832.668307779868,MT,Montana,1068778
C_D_diff,30,Cumulative Deaths,-54.9177230126571,-129.945384677092,20.1099386517774,MT,Montana,1068778
C_D_diff,30,Cumulative Hospitalizations,-512.277639846423,-924.990025761032,-99.5652539318139,MT,Montana,1068778
A_B_ratio,30,Cumulative Cases,0.932885855833251,0.92399563553207,0.941776076134433,MT,Montana,1068778
A_B_ratio,30,Cumulative Deaths,0.885087098978188,0.742470334351438,1.02770386360494,MT,Montana,1068778
A_B_ratio,30,Cumulative Hospitalizations,0.904459130069515,0.79664758090167,1.01227067923736,MT,Montana,1068778
C_D_ratio,30,Cumulative Cases,0.914595871073463,0.88170291196593,0.947488830180997,MT,Montana,1068778
C_D_ratio,30,Cumulative Deaths,0.887917096303942,0.745988700873754,1.02984549173413,MT,Montana,1068778
C_D_ratio,30,Cumulative Hospitalizations,0.88389097242461,0.785073744930167,0.982708199919052,MT,Montana,1068778
A_B_diff,31,Cumulative Cases,-1173.39949823002,-2198.64590845712,-148.153088002908,NE,Nebraska,1934408
A_B_diff,31,Cumulative Deaths,-41.1580429897049,-112.470882614616,30.154796635206,NE,Nebraska,1934408
A_B_diff,31,Cumulative Hospitalizations,-216.802059966267,-526.547502458962,92.9433825264278,NE,Nebraska,1934408
C_D_diff,31,Cumulative Cases,-4840.56399417544,-9133.4306440624,-547.697344288493,NE,Nebraska,1934408
C_D_diff,31,Cumulative Deaths,-80.6535098711131,-193.436025687252,32.1290059450263,NE,Nebraska,1934408
C_D_diff,31,Cumulative Hospitalizations,-536.292348266412,-1061.1456220395,-11.4390744933257,NE,Nebraska,1934408
A_B_ratio,31,Cumulative Cases,0.949505203179915,0.931000638083013,0.968009768276816,NE,Nebraska,1934408
A_B_ratio,31,Cumulative Deaths,0.903141393472896,0.742144084362511,1.06413870258328,NE,Nebraska,1934408
A_B_ratio,31,Cumulative Hospitalizations,0.920952878308636,0.811023172533828,1.03088258408344,NE,Nebraska,1934408
C_D_ratio,31,Cumulative Cases,0.897037046722197,0.824490149264582,0.969583944179812,NE,Nebraska,1934408
C_D_ratio,31,Cumulative Deaths,0.869235124533957,0.704085700115109,1.03438454895281,NE,Nebraska,1934408
C_D_ratio,31,Cumulative Hospitalizations,0.874197586978971,0.766958710910648,0.981436463047294,NE,Nebraska,1934408
A_B_diff,32,Cumulative Cases,-1051.89083039033,-2273.42499820612,169.64333742546,NV,Nevada,3080156
A_B_diff,32,Cumulative Deaths,-48.2396813283261,-135.796413515505,39.3170508588526,NV,Nevada,3080156
A_B_diff,32,Cumulative Hospitalizations,-288.143213004336,-724.130505628728,147.844079620055,NV,Nevada,3080156
C_D_diff,32,Cumulative Cases,-4645.54164892618,-7241.46789749608,-2049.61540035629,NV,Nevada,3080156
C_D_diff,32,Cumulative Deaths,-140.869599618929,-278.124488773811,-3.6147104640462,NV,Nevada,3080156
C_D_diff,32,Cumulative Hospitalizations,-865.25078925012,-1607.03175688319,-123.469821617053,NV,Nevada,3080156
A_B_ratio,32,Cumulative Cases,0.948540455074134,0.924561613206786,0.972519296941481,NV,Nevada,3080156
A_B_ratio,32,Cumulative Deaths,0.913385531945747,0.765530358831253,1.06124070506024,NV,Nevada,3080156
A_B_ratio,32,Cumulative Hospitalizations,0.908785260512215,0.79540035114476,1.02217016987967,NV,Nevada,3080156
C_D_ratio,32,Cumulative Cases,0.87177755507251,0.810359001903837,0.933196108241183,NV,Nevada,3080156
C_D_ratio,32,Cumulative Deaths,0.844444142721337,0.704935257795004,0.983953027647671,NV,Nevada,3080156
C_D_ratio,32,Cumulative Hospitalizations,0.859099149753074,0.755100567936383,0.963097731569766,NV,Nevada,3080156
A_B_diff,33,Cumulative Cases,-2939.09506000725,-5438.77942886149,-439.41069115301,NH,New Hampshire,1359711
A_B_diff,33,Cumulative Deaths,-35.3907284597204,-67.2106568482568,-3.57080007118404,NH,New Hampshire,1359711
A_B_diff,33,Cumulative Hospitalizations,-226.106097658746,-409.591539868339,-42.6206554491541,NH,New Hampshire,1359711
C_D_diff,33,Cumulative Cases,-5599.9089084215,-9872.92257830492,-1326.89523853807,NH,New Hampshire,1359711
C_D_diff,33,Cumulative Deaths,-61.9414554768804,-113.274640206002,-10.6082707477587,NH,New Hampshire,1359711
C_D_diff,33,Cumulative Hospitalizations,-410.533120097469,-727.963176678788,-93.1030635161504,NH,New Hampshire,1359711
A_B_ratio,33,Cumulative Cases,0.917883734298374,0.889599176344418,0.946168292252331,NH,New Hampshire,1359711
A_B_ratio,33,Cumulative Deaths,0.859853227938132,0.701662098695856,1.01804435718041,NH,New Hampshire,1359711
A_B_ratio,33,Cumulative Hospitalizations,0.890025449308388,0.794303218727083,0.985747679889693,NH,New Hampshire,1359711
C_D_ratio,33,Cumulative Cases,0.897767933092542,0.837115359372842,0.958420506812241,NH,New Hampshire,1359711
C_D_ratio,33,Cumulative Deaths,0.854729790260704,0.701722398035523,1.00773718248589,NH,New Hampshire,1359711
C_D_ratio,33,Cumulative Hospitalizations,0.876773916794212,0.776585902323935,0.97696193126449,NH,New Hampshire,1359711
A_B_diff,34,Cumulative Cases,-11444.8231058945,-18980.4924860258,-3909.15372576317,NJ,New Jersey,8882190
A_B_diff,34,Cumulative Deaths,-139.466728994456,-287.064986490216,8.13152850130328,NJ,New Jersey,8882190
A_B_diff,34,Cumulative Hospitalizations,-1074.63020222424,-1733.12785049079,-416.132553957687,NJ,New Jersey,8882190
C_D_diff,34,Cumulative Cases,-21132.736510979,-40472.4509131471,-1793.02210881096,NJ,New Jersey,8882190
C_D_diff,34,Cumulative Deaths,-277.79023888306,-519.112092821188,-36.4683849449322,NJ,New Jersey,8882190
C_D_diff,34,Cumulative Hospitalizations,-1809.82007950841,-3316.136961249,-303.503197767826,NJ,New Jersey,8882190
A_B_ratio,34,Cumulative Cases,0.919669091497901,0.894210535525722,0.94512764747008,NJ,New Jersey,8882190
A_B_ratio,34,Cumulative Deaths,0.886477456180556,0.733706300992614,1.0392486113685,NJ,New Jersey,8882190
A_B_ratio,34,Cumulative Hospitalizations,0.896677471193546,0.793308739991323,1.00004620239577,NJ,New Jersey,8882190
C_D_ratio,34,Cumulative Cases,0.90871115645822,0.829966372495972,0.987455940420468,NJ,New Jersey,8882190
C_D_ratio,34,Cumulative Deaths,0.844919617306009,0.693787959517068,0.99605127509495,NJ,New Jersey,8882190
C_D_ratio,34,Cumulative Hospitalizations,0.877090553476854,0.76523737582367,0.988943731130038,NJ,New Jersey,8882190
A_B_diff,35,Cumulative Cases,-2896.78970166169,-4698.43724487441,-1095.14215844897,NM,New Mexico,2096829
A_B_diff,35,Cumulative Deaths,-55.7996474970789,-115.242418039838,3.64312304568048,NM,New Mexico,2096829
A_B_diff,35,Cumulative Hospitalizations,-332.812574722494,-591.907184463487,-73.7179649815008,NM,New Mexico,2096829
C_D_diff,35,Cumulative Cases,-10172.8160149841,-17329.2154110052,-3016.41661896298,NM,New Mexico,2096829
C_D_diff,35,Cumulative Deaths,-117.348894304712,-204.911056273059,-29.7867323363648,NM,New Mexico,2096829
C_D_diff,35,Cumulative Hospitalizations,-898.681255838798,-1399.6388275009,-397.723684176691,NM,New Mexico,2096829
A_B_ratio,35,Cumulative Cases,0.85497818187768,0.779829728013984,0.930126635741377,NM,New Mexico,2096829
A_B_ratio,35,Cumulative Deaths,0.835581461267901,0.679296635343374,0.991866287192427,NM,New Mexico,2096829
A_B_ratio,35,Cumulative Hospitalizations,0.837770173918914,0.735469251939889,0.94007109589794,NM,New Mexico,2096829
C_D_ratio,35,Cumulative Cases,0.80507085601123,0.715128875375852,0.895012836646609,NM,New Mexico,2096829
C_D_ratio,35,Cumulative Deaths,0.781907204313877,0.633894101921994,0.92992030670576,NM,New Mexico,2096829
C_D_ratio,35,Cumulative Hospitalizations,0.785392174994764,0.68899458417453,0.881789765814999,NM,New Mexico,2096829
A_B_diff,36,Cumulative Cases,-19864.4198846124,-43953.6292701051,4224.78950088032,NY,New York,19453561
A_B_diff,36,Cumulative Deaths,-281.305689215921,-616.612407234648,54.0010288028057,NY,New York,19453561
A_B_diff,36,Cumulative Hospitalizations,-1691.92269034028,-3602.87100392289,219.025623242337,NY,New York,19453561
C_D_diff,36,Cumulative Cases,-56821.2404546964,-107858.268937828,-5784.21197156504,NY,New York,19453561
C_D_diff,36,Cumulative Deaths,-585.695449067509,-1155.72042836433,-15.6704697706922,NY,New York,19453561
C_D_diff,36,Cumulative Hospitalizations,-4758.48286397371,-8569.51303582575,-947.452692121657,NY,New York,19453561
A_B_ratio,36,Cumulative Cases,0.943610211359177,0.90774329342211,0.979477129296244,NY,New York,19453561
A_B_ratio,36,Cumulative Deaths,0.899595932254185,0.745162896871263,1.05402896763711,NY,New York,19453561
A_B_ratio,36,Cumulative Hospitalizations,0.925861938100992,0.813379357980317,1.03834451822167,NY,New York,19453561
C_D_ratio,36,Cumulative Cases,0.905593946756817,0.827499246535558,0.983688646978077,NY,New York,19453561
C_D_ratio,36,Cumulative Deaths,0.855195501173489,0.697116439805101,1.01327456254188,NY,New York,19453561
C_D_ratio,36,Cumulative Hospitalizations,0.875248014052765,0.760462764733423,0.990033263372107,NY,New York,19453561
A_B_diff,37,Cumulative Cases,-5817.66055337713,-12863.747285786,1228.4261790317,NC,North Carolina,10488084
A_B_diff,37,Cumulative Deaths,-258.172045230378,-725.769014462941,209.424924002184,NC,North Carolina,10488084
A_B_diff,37,Cumulative Hospitalizations,-1360.66097455728,-3669.93584593163,948.613896817082,NC,North Carolina,10488084
C_D_diff,37,Cumulative Cases,-18383.2537498248,-26748.5456322674,-10017.9618673822,NC,North Carolina,10488084
C_D_diff,37,Cumulative Deaths,-605.716534346129,-1322.12741017369,110.694341481435,NC,North Carolina,10488084
C_D_diff,37,Cumulative Hospitalizations,-3243.23017517361,-6838.15413539863,351.693785051407,NC,North Carolina,10488084
A_B_ratio,37,Cumulative Cases,0.948238804522182,0.913314922093086,0.983162686951279,NC,North Carolina,10488084
A_B_ratio,37,Cumulative Deaths,0.915920495179468,0.771157119074415,1.06068387128452,NC,North Carolina,10488084
A_B_ratio,37,Cumulative Hospitalizations,0.924661110641066,0.810358835296595,1.03896338598554,NC,North Carolina,10488084
C_D_ratio,37,Cumulative Cases,0.890157097470881,0.851138152923847,0.929176042017915,NC,North Carolina,10488084
C_D_ratio,37,Cumulative Deaths,0.86234178938723,0.724016206937526,1.00066737183693,NC,North Carolina,10488084
C_D_ratio,37,Cumulative Hospitalizations,0.876652398244416,0.777505723526559,0.975799072962273,NC,North Carolina,10488084
A_B_diff,38,Cumulative Cases,-643.348179782038,-1369.62452752147,82.9281679573973,ND,North Dakota,762062
A_B_diff,38,Cumulative Deaths,-21.6863277425986,-59.1194940317573,15.7468385465601,ND,North Dakota,762062
A_B_diff,38,Cumulative Hospitalizations,-106.68111322208,-257.018029088356,43.6558026441957,ND,North Dakota,762062
C_D_diff,38,Cumulative Cases,-1600.29173865801,-2652.83914645396,-547.744330862069,ND,North Dakota,762062
C_D_diff,38,Cumulative Deaths,-43.602311137035,-100.480227710464,13.2756054363935,ND,North Dakota,762062
C_D_diff,38,Cumulative Hospitalizations,-234.803731626747,-484.945148745902,15.3376854924066,ND,North Dakota,762062
A_B_ratio,38,Cumulative Cases,0.962982626685759,0.909842129440083,1.01612312393144,ND,North Dakota,762062
A_B_ratio,38,Cumulative Deaths,0.893163462338503,0.728630165802994,1.05769675887401,ND,North Dakota,762062
A_B_ratio,38,Cumulative Hospitalizations,0.920333466340879,0.808950144872044,1.03171678780971,ND,North Dakota,762062
C_D_ratio,38,Cumulative Cases,0.920283684142178,0.903743073874401,0.936824294409955,ND,North Dakota,762062
C_D_ratio,38,Cumulative Deaths,0.86156352306493,0.706938968986552,1.01618807714331,ND,North Dakota,762062
C_D_ratio,38,Cumulative Hospitalizations,0.884800740742833,0.784067527594854,0.985533953890813,ND,North Dakota,762062
A_B_diff,39,Cumulative Cases,-6723.86802222098,-15304.9911738188,1857.25512937682,OH,Ohio,11689100
A_B_diff,39,Cumulative Deaths,-258.121764393201,-734.525700155961,218.282171369558,OH,Ohio,11689100
A_B_diff,39,Cumulative Hospitalizations,-1381.46265610413,-3804.79429232889,1041.86898012062,OH,Ohio,11689100
C_D_diff,39,Cumulative Cases,-21052.3838009729,-36379.4082542183,-5725.35934772749,OH,Ohio,11689100
C_D_diff,39,Cumulative Deaths,-507.055098618275,-1254.56024988106,240.450052644507,OH,Ohio,11689100
C_D_diff,39,Cumulative Hospitalizations,-3131.13980555467,-7033.77321083895,771.493599729618,OH,Ohio,11689100
A_B_ratio,39,Cumulative Cases,0.939474658608241,0.899769144482495,0.979180172733987,OH,Ohio,11689100
A_B_ratio,39,Cumulative Deaths,0.921145628763233,0.773618599013359,1.06867265851311,OH,Ohio,11689100
A_B_ratio,39,Cumulative Hospitalizations,0.943941947496396,0.816935583849325,1.07094831114347,OH,Ohio,11689100
C_D_ratio,39,Cumulative Cases,0.891006120802132,0.833101198238434,0.948911043365829,OH,Ohio,11689100
C_D_ratio,39,Cumulative Deaths,0.893578809359784,0.742736033965761,1.04442158475381,OH,Ohio,11689100
C_D_ratio,39,Cumulative Hospitalizations,0.891769576362801,0.778418885724554,1.00512026700105,OH,Ohio,11689100
A_B_diff,40,Cumulative Cases,-2841.01281813159,-5648.10264061074,-33.9229956524437,OK,Oklahoma,3956971
A_B_diff,40,Cumulative Deaths,-132.354568046221,-320.011062291093,55.3019261986511,OK,Oklahoma,3956971
A_B_diff,40,Cumulative Hospitalizations,-831.432247979832,-1827.98689245536,165.122396495699,OK,Oklahoma,3956971
C_D_diff,40,Cumulative Cases,-7795.16350588327,-13500.1833419748,-2090.14366979177,OK,Oklahoma,3956971
C_D_diff,40,Cumulative Deaths,-213.95449500671,-522.049428897119,94.1404388836976,OK,Oklahoma,3956971
C_D_diff,40,Cumulative Hospitalizations,-1571.96280177812,-3267.93558008212,124.009976525877,OK,Oklahoma,3956971
A_B_ratio,40,Cumulative Cases,0.918558195261894,0.886317221203769,0.950799169320019,OK,Oklahoma,3956971
A_B_ratio,40,Cumulative Deaths,0.886104505259734,0.746153005479122,1.02605600504035,OK,Oklahoma,3956971
A_B_ratio,40,Cumulative Hospitalizations,0.888275878213087,0.782161300376702,0.994390456049471,OK,Oklahoma,3956971
C_D_ratio,40,Cumulative Cases,0.925507153074006,0.902716705331127,0.948297600816885,OK,Oklahoma,3956971
C_D_ratio,40,Cumulative Deaths,0.900064369913172,0.752577476495805,1.04755126333054,OK,Oklahoma,3956971
C_D_ratio,40,Cumulative Hospitalizations,0.896292231019068,0.78853169069364,1.0040527713445,OK,Oklahoma,3956971
A_B_diff,41,Cumulative Cases,-2180.34795744364,-4077.12637789149,-283.569536995793,OR,Oregon,4217737
A_B_diff,41,Cumulative Deaths,-102.864367840962,-248.400896603802,42.6721609218769,OR,Oregon,4217737
A_B_diff,41,Cumulative Hospitalizations,-554.544628539686,-1252.90641572965,143.817158650276,OR,Oregon,4217737
C_D_diff,41,Cumulative Cases,-13207.1153255056,-21901.4896947099,-4512.74095630143,OR,Oregon,4217737
C_D_diff,41,Cumulative Deaths,-248.873153994781,-486.826958788376,-10.9193492011855,OR,Oregon,4217737
C_D_diff,41,Cumulative Hospitalizations,-1434.80204812931,-2735.51271541409,-134.091380844528,OR,Oregon,4217737
A_B_ratio,41,Cumulative Cases,0.955264938317626,0.936752003244652,0.9737778733906,OR,Oregon,4217737
A_B_ratio,41,Cumulative Deaths,0.897049058995021,0.757618838129379,1.03647927986066,OR,Oregon,4217737
A_B_ratio,41,Cumulative Hospitalizations,0.91068137996899,0.805922600278806,1.01544015965917,OR,Oregon,4217737
C_D_ratio,41,Cumulative Cases,0.810080475403801,0.640418620511584,0.979742330296018,OR,Oregon,4217737
C_D_ratio,41,Cumulative Deaths,0.813771731733804,0.658253417361682,0.969290046105927,OR,Oregon,4217737
C_D_ratio,41,Cumulative Hospitalizations,0.855052201539034,0.753256587302804,0.956847815775263,OR,Oregon,4217737
A_B_diff,42,Cumulative Cases,-7861.34259159352,-16203.9776927231,481.292509536019,PA,Pennsylvania,12801989
A_B_diff,42,Cumulative Deaths,-183.520940620393,-444.034448772163,76.9925675313767,PA,Pennsylvania,12801989
A_B_diff,42,Cumulative Hospitalizations,-1364.53310829726,-2732.62684017743,3.56062358289955,PA,Pennsylvania,12801989
C_D_diff,42,Cumulative Cases,-27623.0321602248,-46807.2210056701,-8438.84331477948,PA,Pennsylvania,12801989
C_D_diff,42,Cumulative Deaths,-436.61413964743,-849.648053837054,-23.5802254578065,PA,Pennsylvania,12801989
C_D_diff,42,Cumulative Hospitalizations,-3184.39876127247,-5502.13429147306,-866.663231071868,PA,Pennsylvania,12801989
A_B_ratio,42,Cumulative Cases,0.957952494741173,0.914598883690371,1.00130610579198,PA,Pennsylvania,12801989
A_B_ratio,42,Cumulative Deaths,0.904059786979758,0.7631999976527,1.04491957630682,PA,Pennsylvania,12801989
A_B_ratio,42,Cumulative Hospitalizations,0.908492236056119,0.804079699235263,1.01290477287697,PA,Pennsylvania,12801989
C_D_ratio,42,Cumulative Cases,0.853790883040656,0.737212715996001,0.970369050085312,PA,Pennsylvania,12801989
C_D_ratio,42,Cumulative Deaths,0.856772916417058,0.714534155603532,0.999011677230583,PA,Pennsylvania,12801989
C_D_ratio,42,Cumulative Hospitalizations,0.867158447583814,0.763818925221364,0.970497969946265,PA,Pennsylvania,12801989
A_B_diff,44,Cumulative Cases,-2346.41790046612,-5661.86033717781,969.024536245576,RI,Rhode Island,1059361
A_B_diff,44,Cumulative Deaths,-28.6002177812756,-58.7602220352375,1.55978647268625,RI,Rhode Island,1059361
A_B_diff,44,Cumulative Hospitalizations,-166.434716372955,-355.534080558633,22.6646478127221,RI,Rhode Island,1059361
C_D_diff,44,Cumulative Cases,-6254.36099983074,-12154.9233934831,-353.798606178398,RI,Rhode Island,1059361
C_D_diff,44,Cumulative Deaths,-68.2423440208368,-111.417506825872,-25.0671812158021,RI,Rhode Island,1059361
C_D_diff,44,Cumulative Hospitalizations,-375.747951667549,-691.500052941188,-59.9958503939102,RI,Rhode Island,1059361
A_B_ratio,44,Cumulative Cases,0.905910510273726,0.860885721791276,0.950935298756177,RI,Rhode Island,1059361
A_B_ratio,44,Cumulative Deaths,0.870066499192368,0.713880823677494,1.02625217470724,RI,Rhode Island,1059361
A_B_ratio,44,Cumulative Hospitalizations,0.879246475691081,0.782012282708365,0.976480668673798,RI,Rhode Island,1059361
C_D_ratio,44,Cumulative Cases,0.800732855245633,0.683692465698252,0.917773244793013,RI,Rhode Island,1059361
C_D_ratio,44,Cumulative Deaths,0.785330640687431,0.648375485680126,0.922285795694736,RI,Rhode Island,1059361
C_D_ratio,44,Cumulative Hospitalizations,0.826398952988124,0.730725910029228,0.92207199594702,RI,Rhode Island,1059361
A_B_diff,45,Cumulative Cases,-2068.3180605225,-5099.15266744269,962.516546397701,SC,South Carolina,5148714
A_B_diff,45,Cumulative Deaths,-188.108378628831,-523.729308247486,147.512550989823,SC,South Carolina,5148714
A_B_diff,45,Cumulative Hospitalizations,-947.890068248879,-2567.17173673092,671.391600233159,SC,South Carolina,5148714
C_D_diff,45,Cumulative Cases,-8223.3790543915,-13801.0685391894,-2645.68956959363,SC,South Carolina,5148714
C_D_diff,45,Cumulative Deaths,-340.642374239194,-887.742173987283,206.457425508895,SC,South Carolina,5148714
C_D_diff,45,Cumulative Hospitalizations,-1804.27774211108,-4509.07409884346,900.518614621304,SC,South Carolina,5148714
A_B_ratio,45,Cumulative Cases,0.960751874953592,0.937035827531837,0.984467922375347,SC,South Carolina,5148714
A_B_ratio,45,Cumulative Deaths,0.916065389257421,0.763593159434407,1.06853761908044,SC,South Carolina,5148714
A_B_ratio,45,Cumulative Hospitalizations,0.924736389485941,0.797875684036454,1.05159709493543,SC,South Carolina,5148714
C_D_ratio,45,Cumulative Cases,0.89537142047929,0.854172077899297,0.936570763059284,SC,South Carolina,5148714
C_D_ratio,45,Cumulative Deaths,0.880902302014061,0.735203098322763,1.02660150570536,SC,South Carolina,5148714
C_D_ratio,45,Cumulative Hospitalizations,0.871081212837716,0.762891811475525,0.979270614199908,SC,South Carolina,5148714
A_B_diff,46,Cumulative Cases,-1006.32716928299,-2019.26560128453,6.61126271854607,SD,South Dakota,884659
A_B_diff,46,Cumulative Deaths,-22.0238118228681,-61.1048782905956,17.0572546448594,SD,South Dakota,884659
A_B_diff,46,Cumulative Hospitalizations,-135.137329453497,-297.775328938199,27.500670031205,SD,South Dakota,884659
C_D_diff,46,Cumulative Cases,-2225.36590000337,-3796.35905952229,-654.372740484451,SD,South Dakota,884659
C_D_diff,46,Cumulative Deaths,-42.79761873394,-100.246874276835,14.6516368089553,SD,South Dakota,884659
C_D_diff,46,Cumulative Hospitalizations,-291.485927430296,-538.92852221811,-44.0433326424812,SD,South Dakota,884659
A_B_ratio,46,Cumulative Cases,0.945049613789667,0.878987547396678,1.01111168018266,SD,South Dakota,884659
A_B_ratio,46,Cumulative Deaths,0.883773099441839,0.712274867415029,1.05527133146865,SD,South Dakota,884659
A_B_ratio,46,Cumulative Hospitalizations,0.912776885527663,0.786997619999757,1.03855615105557,SD,South Dakota,884659
C_D_ratio,46,Cumulative Cases,0.912982775171685,0.846757191002742,0.979208359340628,SD,South Dakota,884659
C_D_ratio,46,Cumulative Deaths,0.854158995460764,0.695374594012173,1.01294339690936,SD,South Dakota,884659
C_D_ratio,46,Cumulative Hospitalizations,0.865618397019969,0.759448405403023,0.971788388636915,SD,South Dakota,884659
A_B_diff,47,Cumulative Cases,-3243.65530576155,-9558.64645633313,3071.33584481002,TN,Tennessee,6829174
A_B_diff,47,Cumulative Deaths,-320.473982708237,-877.166042805065,236.218077388592,TN,Tennessee,6829174
A_B_diff,47,Cumulative Hospitalizations,-1584.40987029977,-4322.51816741677,1153.69842681724,TN,Tennessee,6829174
C_D_diff,47,Cumulative Cases,-12334.7195894745,-23226.452184455,-1442.98699449396,TN,Tennessee,6829174
C_D_diff,47,Cumulative Deaths,-550.380140797096,-1491.72255389122,390.962272297033,TN,Tennessee,6829174
C_D_diff,47,Cumulative Hospitalizations,-2870.38270987134,-7720.94956054105,1980.18414079838,TN,Tennessee,6829174
A_B_ratio,47,Cumulative Cases,0.98055934341905,0.924758891104213,1.03635979573389,TN,Tennessee,6829174
A_B_ratio,47,Cumulative Deaths,0.913775044560639,0.763918045667457,1.06363204345382,TN,Tennessee,6829174
A_B_ratio,47,Cumulative Hospitalizations,0.916221083286993,0.78897597282312,1.04346619375087,TN,Tennessee,6829174
C_D_ratio,47,Cumulative Cases,0.926315199920605,0.900555544659392,0.952074855181819,TN,Tennessee,6829174
C_D_ratio,47,Cumulative Deaths,0.8890107012644,0.736827245480186,1.04119415704861,TN,Tennessee,6829174
C_D_ratio,47,Cumulative Hospitalizations,0.904995388803765,0.778885643243606,1.03110513436392,TN,Tennessee,6829174
A_B_diff,48,Cumulative Cases,-19477.9404597757,-40289.7302463781,1333.8493268268,TX,Texas,28995881
A_B_diff,48,Cumulative Deaths,-732.773170909074,-1985.76642205066,520.220080232509,TX,Texas,28995881
A_B_diff,48,Cumulative Hospitalizations,-3825.41395234447,-9927.7180960748,2276.89019138587,TX,Texas,28995881
C_D_diff,48,Cumulative Cases,-31572.8137034205,-52944.3729206396,-10201.2544862014,TX,Texas,28995881
C_D_diff,48,Cumulative Deaths,-1199.37595965776,-3173.14969864326,774.39777932774,TX,Texas,28995881
C_D_diff,48,Cumulative Hospitalizations,-6786.56567734439,-16644.5011271234,3071.36977243465,TX,Texas,28995881
A_B_ratio,48,Cumulative Cases,0.910040610135763,0.82491275370982,0.995168466561707,TX,Texas,28995881
A_B_ratio,48,Cumulative Deaths,0.894843881929695,0.748934645445396,1.04075311841399,TX,Texas,28995881
A_B_ratio,48,Cumulative Hospitalizations,0.888414931071987,0.763483086385435,1.01334677575854,TX,Texas,28995881
C_D_ratio,48,Cumulative Cases,0.934845803828272,0.899521311295237,0.970170296361308,TX,Texas,28995881
C_D_ratio,48,Cumulative Deaths,0.891705395047766,0.746771153043316,1.03663963705222,TX,Texas,28995881
C_D_ratio,48,Cumulative Hospitalizations,0.886630749954641,0.77292094833526,1.00034055157402,TX,Texas,28995881
A_B_diff,49,Cumulative Cases,-3611.69307949024,-6694.69885143059,-528.6873075499,UT,Utah,3205958
A_B_diff,49,Cumulative Deaths,-82.7733926896435,-200.202070772196,34.6552853929093,UT,Utah,3205958
A_B_diff,49,Cumulative Hospitalizations,-516.208740803703,-1187.68822787325,155.270746265839,UT,Utah,3205958
C_D_diff,49,Cumulative Cases,-11785.8030187957,-15696.9495136497,-7874.65652394179,UT,Utah,3205958
C_D_diff,49,Cumulative Deaths,-178.709833232592,-362.190030086125,4.77036362094094,UT,Utah,3205958
C_D_diff,49,Cumulative Hospitalizations,-1219.54920685514,-2229.31301522141,-209.785398488863,UT,Utah,3205958
A_B_ratio,49,Cumulative Cases,0.907774508946647,0.887032678495062,0.928516339398232,UT,Utah,3205958
A_B_ratio,49,Cumulative Deaths,0.895664043913656,0.752342659225382,1.03898542860193,UT,Utah,3205958
A_B_ratio,49,Cumulative Hospitalizations,0.891607060622705,0.778518904982595,1.00469521626281,UT,Utah,3205958
C_D_ratio,49,Cumulative Cases,0.82208171630949,0.730092798417936,0.914070634201044,UT,Utah,3205958
C_D_ratio,49,Cumulative Deaths,0.827910619137307,0.687649530520025,0.968171707754589,UT,Utah,3205958
C_D_ratio,49,Cumulative Hospitalizations,0.835838525139395,0.732320452687051,0.939356597591738,UT,Utah,3205958
A_B_diff,50,Cumulative Cases,-1456.79430694388,-3177.68516665991,264.09655277214,VT,Vermont,623989
A_B_diff,50,Cumulative Deaths,-15.6091745881325,-31.025220677333,-0.193128498931857,VT,Vermont,623989
A_B_diff,50,Cumulative Hospitalizations,-74.8846919780327,-147.586639014902,-2.18274494116304,VT,Vermont,623989
C_D_diff,50,Cumulative Cases,-3041.5959465919,-6288.92053666875,205.728643484941,VT,Vermont,623989
C_D_diff,50,Cumulative Deaths,-34.5026366049003,-60.8006880609935,-8.20458514880717,VT,Vermont,623989
C_D_diff,50,Cumulative Hospitalizations,-152.068986686686,-270.276254869162,-33.8617185042094,VT,Vermont,623989
A_B_ratio,50,Cumulative Cases,0.880815147576678,0.828469098440162,0.933161196713194,VT,Vermont,623989
A_B_ratio,50,Cumulative Deaths,0.817044097847878,0.625007317413165,1.00908087828259,VT,Vermont,623989
A_B_ratio,50,Cumulative Hospitalizations,0.869464982355431,0.770770927480837,0.968159037230024,VT,Vermont,623989
C_D_ratio,50,Cumulative Cases,0.864767308339966,0.779200083072691,0.95033453360724,VT,Vermont,623989
C_D_ratio,50,Cumulative Deaths,0.786996527818217,0.610494545489895,0.96349851014654,VT,Vermont,623989
C_D_ratio,50,Cumulative Hospitalizations,0.848168630449123,0.737699147985324,0.958638112912921,VT,Vermont,623989
A_B_diff,51,Cumulative Cases,-9536.75287553079,-18285.6379036638,-787.867847397773,VA,Virginia,8535519
A_B_diff,51,Cumulative Deaths,-218.290752436303,-494.187673187891,57.606168315285,VA,Virginia,8535519
A_B_diff,51,Cumulative Hospitalizations,-1411.94678475201,-2814.4642765564,-9.4292929476228,VA,Virginia,8535519
C_D_diff,51,Cumulative Cases,-33505.9551282276,-50956.4349520153,-16055.4753044398,VA,Virginia,8535519
C_D_diff,51,Cumulative Deaths,-555.557153594401,-973.7742307118,-137.340076477003,VA,Virginia,8535519
C_D_diff,51,Cumulative Hospitalizations,-3306.03415714868,-5559.09559740391,-1052.97271689345,VA,Virginia,8535519
A_B_ratio,51,Cumulative Cases,0.906855076255009,0.886378020340916,0.927332132169102,VA,Virginia,8535519
A_B_ratio,51,Cumulative Deaths,0.880447295809779,0.741109032351251,1.01978555926831,VA,Virginia,8535519
A_B_ratio,51,Cumulative Hospitalizations,0.885440883158634,0.781675250784483,0.989206515532785,VA,Virginia,8535519
C_D_ratio,51,Cumulative Cases,0.796015242006196,0.638140000791229,0.953890483221164,VA,Virginia,8535519
C_D_ratio,51,Cumulative Deaths,0.791199226802592,0.634307941832254,0.94809051177293,VA,Virginia,8535519
C_D_ratio,51,Cumulative Hospitalizations,0.845971462119401,0.748732417405109,0.943210506833694,VA,Virginia,8535519
A_B_diff,53,Cumulative Cases,-7425.09971284109,-14070.1831554657,-780.016270216485,WA,Washington,7614893
A_B_diff,53,Cumulative Deaths,-160.960248428736,-407.800155390488,85.8796585330173,WA,Washington,7614893
A_B_diff,53,Cumulative Hospitalizations,-1004.53525992937,-2166.90843856584,157.837918707101,WA,Washington,7614893
C_D_diff,53,Cumulative Cases,-31835.4078719912,-45578.1175152047,-18092.6982287777,WA,Washington,7614893
C_D_diff,53,Cumulative Deaths,-520.009783073079,-890.047252934304,-149.972313211854,WA,Washington,7614893
C_D_diff,53,Cumulative Hospitalizations,-2820.91771505504,-4716.20680807102,-925.62862203906,WA,Washington,7614893
A_B_ratio,53,Cumulative Cases,0.946622697075859,0.913187403553622,0.980057990598095,WA,Washington,7614893
A_B_ratio,53,Cumulative Deaths,0.908340773360899,0.756207502149186,1.06047404457261,WA,Washington,7614893
A_B_ratio,53,Cumulative Hospitalizations,0.908555719743254,0.803722873061031,1.01338856642548,WA,Washington,7614893
C_D_ratio,53,Cumulative Cases,0.781033734223205,0.599156298028131,0.962911170418278,WA,Washington,7614893
C_D_ratio,53,Cumulative Deaths,0.770086764247239,0.596733350498815,0.943440177995664,WA,Washington,7614893
C_D_ratio,53,Cumulative Hospitalizations,0.839739522119931,0.744159816481861,0.935319227758,WA,Washington,7614893
A_B_diff,54,Cumulative Cases,-1601.56345838437,-3721.24642560278,518.119508834043,WV,West Virginia,1792147
A_B_diff,54,Cumulative Deaths,-66.2691063426128,-175.959210532491,43.4209978472653,WV,West Virginia,1792147
A_B_diff,54,Cumulative Hospitalizations,-368.065334546057,-866.469684414135,130.339015322021,WV,West Virginia,1792147
C_D_diff,54,Cumulative Cases,-4526.52650803753,-7888.09052499446,-1164.9624910806,WV,West Virginia,1792147
C_D_diff,54,Cumulative Deaths,-152.9112641019,-325.52011898172,19.6975907779202,WV,West Virginia,1792147
C_D_diff,54,Cumulative Hospitalizations,-693.458995862451,-1523.113701751,136.195710026099,WV,West Virginia,1792147
A_B_ratio,54,Cumulative Cases,0.971209332918336,0.91498187001098,1.02743679582569,WV,West Virginia,1792147
A_B_ratio,54,Cumulative Deaths,0.913054515665995,0.756650575178237,1.06945845615375,WV,West Virginia,1792147
A_B_ratio,54,Cumulative Hospitalizations,0.921730277142422,0.804058521252823,1.03940203303202,WV,West Virginia,1792147
C_D_ratio,54,Cumulative Cases,0.860068398690101,0.713012015836096,1.00712478154411,WV,West Virginia,1792147
C_D_ratio,54,Cumulative Deaths,0.835491311143073,0.666336918510675,1.00464570377547,WV,West Virginia,1792147
C_D_ratio,54,Cumulative Hospitalizations,0.893550162608443,0.780098189709417,1.00700213550747,WV,West Virginia,1792147
A_B_diff,55,Cumulative Cases,-2970.61072885537,-6149.7380722857,208.516614574951,WI,Wisconsin,5822434
A_B_diff,55,Cumulative Deaths,-110.556500184496,-267.145198353698,46.0321979847066,WI,Wisconsin,5822434
A_B_diff,55,Cumulative Hospitalizations,-645.729345477805,-1435.55808782792,144.099396872311,WI,Wisconsin,5822434
C_D_diff,55,Cumulative Cases,-10243.0039451385,-17109.7439605521,-3376.2639297249,WI,Wisconsin,5822434
C_D_diff,55,Cumulative Deaths,-206.725207284986,-461.41119560425,47.9607810342781,WI,Wisconsin,5822434
C_D_diff,55,Cumulative Hospitalizations,-1512.45270587355,-2765.2380064238,-259.667405323289,WI,Wisconsin,5822434
A_B_ratio,55,Cumulative Cases,0.936179193999764,0.923647783547603,0.948710604451925,WI,Wisconsin,5822434
A_B_ratio,55,Cumulative Deaths,0.891882633709395,0.742974892865972,1.04079037455282,WI,Wisconsin,5822434
A_B_ratio,55,Cumulative Hospitalizations,0.904051592484226,0.7958860201628,1.01221716480565,WI,Wisconsin,5822434
C_D_ratio,55,Cumulative Cases,0.8913153521902,0.822693358696119,0.959937345684281,WI,Wisconsin,5822434
C_D_ratio,55,Cumulative Deaths,0.853068570789293,0.701018613177499,1.00511852840109,WI,Wisconsin,5822434
C_D_ratio,55,Cumulative Hospitalizations,0.867167122539967,0.762150099791809,0.972184145288126,WI,Wisconsin,5822434
A_B_diff,56,Cumulative Cases,-390.096026239013,-1022.07676385796,241.884711379935,WY,Wyoming,578759
A_B_diff,56,Cumulative Deaths,-20.0701842313067,-58.7318328837273,18.5914644211139,WY,Wyoming,578759
A_B_diff,56,Cumulative Hospitalizations,-97.0570433841595,-273.800485837303,79.6863990689839,WY,Wyoming,578759
C_D_diff,56,Cumulative Cases,-1259.93666893841,-2100.67711085384,-419.196227022978,WY,Wyoming,578759
C_D_diff,56,Cumulative Deaths,-38.7236566645153,-98.3167099726209,20.8693966435903,WY,Wyoming,578759
C_D_diff,56,Cumulative Hospitalizations,-230.952465083485,-521.707690633474,59.8027604665043,WY,Wyoming,578759
A_B_ratio,56,Cumulative Cases,0.976546101310916,0.910661200195755,1.04243100242608,WY,Wyoming,578759
A_B_ratio,56,Cumulative Deaths,0.909371530697583,0.75609495332406,1.06264810807111,WY,Wyoming,578759
A_B_ratio,56,Cumulative Hospitalizations,0.93702243837792,0.819290760207832,1.05475411654801,WY,Wyoming,578759
C_D_ratio,56,Cumulative Cases,0.919003769279741,0.888668140133341,0.94933939842614,WY,Wyoming,578759
C_D_ratio,56,Cumulative Deaths,0.880762610398716,0.739069775877427,1.02245544492,WY,Wyoming,578759
C_D_ratio,56,Cumulative Hospitalizations,0.885329798948242,0.782602146525729,0.988057451370755,WY,Wyoming,578759
